Implementation,Compile,Error
human_eval_163_10.mlw,"[""This expression has type list.List.list (int, 'mu) -> list.List.list (int,"", ""'mu), but is expected to have type list.List.list 'mu1""]","This expression has type list.List.list (int, 'mu) -> list.List.list (int,
'mu), but is expected to have type list.List.list 'mu1
"
human_eval_052_7.mlw,['trying to open a module inside another module'],"trying to open a module inside another module
"
human_eval_031_4.mlw,"[""unbound function or predicate symbol '(<=)'""]","unbound function or predicate symbol '(<=)'
"
human_eval_085_9.mlw,"[""unbound function or predicate symbol 'mod'""]","unbound function or predicate symbol 'mod'
"
human_eval_152_2.mlw,['syntax error'],"syntax error
"
human_eval_139_8.mlw,"[""unbound function or predicate symbol '(>)'""]","unbound function or predicate symbol '(>)'
"
human_eval_013_3.mlw,"[""unbound function or predicate symbol 'abs'""]","unbound function or predicate symbol 'abs'
"
human_eval_013_2.mlw,"[""unbound function or predicate symbol 'x'""]","unbound function or predicate symbol 'x'
"
human_eval_035_1.mlw,['syntax error'],"syntax error
"
human_eval_159_10.mlw,"[""unbound type symbol 'list'""]","unbound type symbol 'list'
"
human_eval_139_9.mlw,"[""unbound function or predicate symbol '(<=)'""]","unbound function or predicate symbol '(<=)'
"
human_eval_152_3.mlw,['syntax error'],"syntax error
"
human_eval_085_8.mlw,"[""unbound function or predicate symbol 'mod'""]","unbound function or predicate symbol 'mod'
"
human_eval_008_1.mlw,[],
human_eval_031_5.mlw,['syntax error'],"syntax error
"
human_eval_052_6.mlw,['Module Combinators not found in library list'],"Module Combinators not found in library list
"
human_eval_031_7.mlw,"[""unbound function or predicate symbol '(<=)'""]","unbound function or predicate symbol '(<=)'
"
human_eval_052_4.mlw,['syntax error'],"syntax error
"
human_eval_008_3.mlw,['syntax error'],"syntax error
"
human_eval_152_1.mlw,['trying to open a module inside another module'],"trying to open a module inside another module
"
human_eval_035_3.mlw,['syntax error'],"syntax error
"
human_eval_035_2.mlw,['syntax error'],"syntax error
"
human_eval_013_1.mlw,"[""unbound function or predicate symbol 'abs'""]","unbound function or predicate symbol 'abs'
"
human_eval_008_2.mlw,[],
human_eval_052_5.mlw,['syntax error'],"syntax error
"
human_eval_031_6.mlw,"[""unbound function or predicate symbol '(<=)'""]","unbound function or predicate symbol '(<=)'
"
human_eval_031_2.mlw,['syntax error'],"syntax error
"
human_eval_052_1.mlw,['syntax error'],"syntax error
"
human_eval_008_6.mlw,[],
human_eval_152_4.mlw,['trying to open a module inside another module'],"trying to open a module inside another module
"
human_eval_013_5.mlw,"[""unbound function or predicate symbol 'abs'""]","unbound function or predicate symbol 'abs'
"
human_eval_035_6.mlw,['syntax error'],"syntax error
"
human_eval_163_9.mlw,"[""This expression has type 'mu -> int -> list.List.list (int, 'mu) -> list."", ""List.list (int, 'mu), but is expected to have type 'mu -> int -> 'mu""]","This expression has type 'mu -> int -> list.List.list (int, 'mu) -> list.
List.list (int, 'mu), but is expected to have type 'mu -> int -> 'mu
"
human_eval_163_8.mlw,"[""This expression has type list.List.list (int, 'mu) -> list.List.list (int,"", ""'mu), but is expected to have type ['mu]""]","This expression has type list.List.list (int, 'mu) -> list.List.list (int,
'mu), but is expected to have type ['mu]
"
human_eval_035_7.mlw,['syntax error'],"syntax error
"
human_eval_013_4.mlw,"[""unbound function or predicate symbol 'x'""]","unbound function or predicate symbol 'x'
"
human_eval_152_5.mlw,['syntax error'],"syntax error
"
human_eval_008_7.mlw,[],
human_eval_031_3.mlw,"[""unbound function or predicate symbol '(<=)'""]","unbound function or predicate symbol '(<=)'
"
human_eval_052_2.mlw,['trying to open a module inside another module'],"trying to open a module inside another module
"
human_eval_031_1.mlw,"[""unbound function or predicate symbol '(<=)'""]","unbound function or predicate symbol '(<=)'
"
human_eval_008_5.mlw,"['This expression has type (int, int), it cannot be applied']","This expression has type (int, int), it cannot be applied
"
human_eval_020_9.mlw,"[""unbound function or predicate symbol 'List.app'""]","unbound function or predicate symbol 'List.app'
"
human_eval_152_7.mlw,['syntax error'],"syntax error
"
human_eval_035_5.mlw,['syntax error'],"syntax error
"
human_eval_013_6.mlw,['syntax error'],"syntax error
"
human_eval_013_7.mlw,"[""unbound function or predicate symbol 'mod'""]","unbound function or predicate symbol 'mod'
"
human_eval_057_10.mlw,"['This expression has type int -> bool, but is expected to have type int']","This expression has type int -> bool, but is expected to have type int
"
human_eval_035_4.mlw,['syntax error'],"syntax error
"
human_eval_152_6.mlw,['Logical symbol compare_pair is used in a non-ghost context'],"Logical symbol compare_pair is used in a non-ghost context
"
human_eval_020_8.mlw,"[""unbound function or predicate symbol 'List.sort'""]","unbound function or predicate symbol 'List.sort'
"
human_eval_008_4.mlw,[],
human_eval_052_3.mlw,['Module Combinators not found in library list'],"Module Combinators not found in library list
"
human_eval_138_10.mlw,['syntax error'],"syntax error
"
human_eval_003_8.mlw,['Module Exists not found in library list'],"Module Exists not found in library list
"
human_eval_009_3.mlw,[],
human_eval_151_3.mlw,['Module Filter not found in library list'],"Module Filter not found in library list
"
human_eval_030_7.mlw,"[""unbound function or predicate symbol 'reverse'""]","unbound function or predicate symbol 'reverse'
"
human_eval_053_4.mlw,['syntax error'],"syntax error
"
human_eval_053_5.mlw,"[""unbound function or predicate symbol '(-)'""]","unbound function or predicate symbol '(-)'
"
human_eval_151_2.mlw,['syntax error'],"syntax error
"
human_eval_030_6.mlw,"[""unbound function or predicate symbol '(>)'""]","unbound function or predicate symbol '(>)'
"
human_eval_097_1.mlw,"[""unbound function or predicate symbol 'mod'""]","unbound function or predicate symbol 'mod'
"
human_eval_009_2.mlw,"[""unbound function or predicate symbol 'ref'""]","unbound function or predicate symbol 'ref'
"
human_eval_057_1.mlw,[],
human_eval_003_9.mlw,[],
human_eval_159_9.mlw,"[""unbound type symbol 'list'""]","unbound type symbol 'list'
"
human_eval_060_8.mlw,"[""unbound function or predicate symbol '(::)'""]","unbound function or predicate symbol '(::)'
"
human_eval_138_8.mlw,"[""unbound function or predicate symbol '(>)'""]","unbound function or predicate symbol '(>)'
"
human_eval_057_3.mlw,[],
human_eval_030_10.mlw,['syntax error'],"syntax error
"
human_eval_097_3.mlw,"[""unbound function or predicate symbol '(<)'""]","unbound function or predicate symbol '(<)'
"
human_eval_053_7.mlw,"[""unbound function or predicate symbol '(-_)'""]","unbound function or predicate symbol '(-_)'
"
human_eval_053_10.mlw,"[""unbound function or predicate symbol '(+)'""]","unbound function or predicate symbol '(+)'
"
human_eval_030_4.mlw,"[""unbound function or predicate symbol '(>)'""]","unbound function or predicate symbol '(>)'
"
human_eval_030_5.mlw,"[""unbound function or predicate symbol '(>)'""]","unbound function or predicate symbol '(>)'
"
human_eval_151_1.mlw,['syntax error'],"syntax error
"
human_eval_053_6.mlw,"[""unbound function or predicate symbol 'a'""]","unbound function or predicate symbol 'a'
"
human_eval_097_2.mlw,"[""unbound function or predicate symbol 'abs'""]","unbound function or predicate symbol 'abs'
"
human_eval_009_1.mlw,[],
human_eval_057_2.mlw,[],
human_eval_138_9.mlw,"[""unbound function or predicate symbol '(-)'""]","unbound function or predicate symbol '(-)'
"
human_eval_060_9.mlw,"[""unbound function or predicate symbol 'div'""]","unbound function or predicate symbol 'div'
"
human_eval_159_8.mlw,"[""unbound function or predicate symbol '(<=)'""]","unbound function or predicate symbol '(<=)'
"
human_eval_151_10.mlw,['syntax error'],"syntax error
"
human_eval_057_6.mlw,[],
human_eval_009_5.mlw,['syntax error'],"syntax error
"
human_eval_097_6.mlw,"[""unbound function or predicate symbol '(<)'""]","unbound function or predicate symbol '(<)'
"
human_eval_020_10.mlw,"[""unbound function or predicate symbol 'List.length'""]","unbound function or predicate symbol 'List.length'
"
human_eval_053_2.mlw,"[""unbound function or predicate symbol '(-)'""]","unbound function or predicate symbol '(-)'
"
human_eval_151_5.mlw,['syntax error'],"syntax error
"
human_eval_030_1.mlw,"[""unbound function or predicate symbol '(>)'""]","unbound function or predicate symbol '(>)'
"
human_eval_005_8.mlw,[],
human_eval_151_4.mlw,['Module Fold not found in library list'],"Module Fold not found in library list
"
human_eval_005_9.mlw,[],
human_eval_008_10.mlw,['Logical symbol fold_left is used in a non-ghost context'],"Logical symbol fold_left is used in a non-ghost context
"
human_eval_053_3.mlw,"[""unbound function or predicate symbol '(+)'""]","unbound function or predicate symbol '(+)'
"
human_eval_097_7.mlw,"[""unbound function or predicate symbol '(<)'""]","unbound function or predicate symbol '(<)'
"
human_eval_009_4.mlw,[],
human_eval_057_7.mlw,"[""unbound function or predicate symbol 'y'""]","unbound function or predicate symbol 'y'
"
human_eval_057_5.mlw,['syntax error'],"syntax error
"
human_eval_009_6.mlw,"[""unbound function or predicate symbol 'reverse'""]","unbound function or predicate symbol 'reverse'
"
human_eval_042_9.mlw,"[""unbound function or predicate symbol '(+)'""]","unbound function or predicate symbol '(+)'
"
human_eval_097_5.mlw,"[""unbound function or predicate symbol 'mod'""]","unbound function or predicate symbol 'mod'
"
human_eval_030_2.mlw,"[""unbound function or predicate symbol '(>)'""]","unbound function or predicate symbol '(>)'
"
human_eval_151_6.mlw,"[""unbound function or predicate symbol 'mod'""]","unbound function or predicate symbol 'mod'
"
human_eval_053_1.mlw,"[""unbound function or predicate symbol '(+)'""]","unbound function or predicate symbol '(+)'
"
human_eval_030_3.mlw,"[""unbound function or predicate symbol '(>)'""]","unbound function or predicate symbol '(>)'
"
human_eval_151_7.mlw,"[""unbound function or predicate symbol 'mod'""]","unbound function or predicate symbol 'mod'
"
human_eval_097_4.mlw,"[""unbound function or predicate symbol 'mod'""]","unbound function or predicate symbol 'mod'
"
human_eval_042_8.mlw,"[""unbound function or predicate symbol '(+)'""]","unbound function or predicate symbol '(+)'
"
human_eval_009_7.mlw,"[""unbound function or predicate symbol 'reverse'""]","unbound function or predicate symbol 'reverse'
"
human_eval_057_4.mlw,"['This expression has type int -> bool, but is expected to have type int']","This expression has type int -> bool, but is expected to have type int
"
human_eval_159_3.mlw,"[""unbound function or predicate symbol '(-)'""]","unbound function or predicate symbol '(-)'
"
human_eval_003_1.mlw,"[""unbound function or predicate symbol 'ref'""]","unbound function or predicate symbol 'ref'
"
human_eval_060_2.mlw,"[""unbound function or predicate symbol 'acc'""]","unbound function or predicate symbol 'acc'
"
human_eval_138_2.mlw,['syntax error'],"syntax error
"
human_eval_057_9.mlw,[],
human_eval_042_5.mlw,"[""unbound function or predicate symbol '(+)'""]","unbound function or predicate symbol '(+)'
"
human_eval_097_9.mlw,"[""unbound function or predicate symbol '(<)'""]","unbound function or predicate symbol '(<)'
"
human_eval_005_7.mlw,"[""unbound function or predicate symbol '(-)'""]","unbound function or predicate symbol '(-)'
"
human_eval_005_6.mlw,[],
human_eval_097_8.mlw,"[""unbound function or predicate symbol '(<)'""]","unbound function or predicate symbol '(<)'
"
human_eval_042_4.mlw,"[""unbound function or predicate symbol 'List.rev'""]","unbound function or predicate symbol 'List.rev'
"
human_eval_057_8.mlw,[],
human_eval_138_3.mlw,"[""unbound function or predicate symbol '(-)'""]","unbound function or predicate symbol '(-)'
"
human_eval_060_3.mlw,"[""unbound function or predicate symbol 'div'""]","unbound function or predicate symbol 'div'
"
human_eval_159_2.mlw,"[""unbound type symbol 'list'""]","unbound type symbol 'list'
"
human_eval_060_1.mlw,"[""unbound function or predicate symbol 'div'""]","unbound function or predicate symbol 'div'
"
human_eval_003_2.mlw,[],
human_eval_138_1.mlw,"[""unbound function or predicate symbol 'mod'""]","unbound function or predicate symbol 'mod'
"
human_eval_009_9.mlw,"[""unbound function or predicate symbol 'reverse'""]","unbound function or predicate symbol 'reverse'
"
human_eval_042_6.mlw,"[""unbound function or predicate symbol '(+)'""]","unbound function or predicate symbol '(+)'
"
human_eval_151_9.mlw,['syntax error'],"syntax error
"
human_eval_005_4.mlw,"[""Type mismatch between list.List.list 'a and list.List.list int""]","Type mismatch between list.List.list 'a and list.List.list int
"
human_eval_151_8.mlw,['syntax error'],"syntax error
"
human_eval_005_5.mlw,['Module Fold not found in library list'],"Module Fold not found in library list
"
human_eval_042_7.mlw,"[""unbound function or predicate symbol '(+)'""]","unbound function or predicate symbol '(+)'
"
human_eval_009_8.mlw,[],
human_eval_013_10.mlw,"[""unbound function or predicate symbol 'abs'""]","unbound function or predicate symbol 'abs'
"
human_eval_003_3.mlw,"['Execution terminated because no support for partial function applications (""llms/implementation/final-gpt41-basic/human_eval_003_3.mlw"", line 62, characters 28-31)']","Execution terminated because no support for partial function applications (""llms/implementation/final-gpt41-basic/human_eval_003_3.mlw"", line 62, characters 28-31)
"
human_eval_159_1.mlw,"[""unbound type symbol 'list'""]","unbound type symbol 'list'
"
human_eval_159_5.mlw,"[""unbound type symbol 'list'""]","unbound type symbol 'list'
"
human_eval_060_4.mlw,"[""unbound function or predicate symbol 'div'""]","unbound function or predicate symbol 'div'
"
human_eval_003_7.mlw,"[""unbound function or predicate symbol 'ref'""]","unbound function or predicate symbol 'ref'
"
human_eval_035_10.mlw,['syntax error'],"syntax error
"
human_eval_138_4.mlw,['syntax error'],"syntax error
"
human_eval_139_10.mlw,"[""unbound function or predicate symbol '(>)'""]","unbound function or predicate symbol '(>)'
"
human_eval_042_3.mlw,"[""unbound function or predicate symbol '(+)'""]","unbound function or predicate symbol '(+)'
"
human_eval_005_1.mlw,[],
human_eval_030_8.mlw,"[""unbound function or predicate symbol '(/)'""]","unbound function or predicate symbol '(/)'
"
human_eval_030_9.mlw,"[""unbound function or predicate symbol '(>)'""]","unbound function or predicate symbol '(>)'
"
human_eval_042_2.mlw,"[""unbound function or predicate symbol '(+)'""]","unbound function or predicate symbol '(+)'
"
human_eval_138_5.mlw,"[""unbound function or predicate symbol 'mod'""]","unbound function or predicate symbol 'mod'
"
human_eval_060_10.mlw,"[""unbound function or predicate symbol 'mod'""]","unbound function or predicate symbol 'mod'
"
human_eval_003_6.mlw,[],
human_eval_060_5.mlw,"[""unbound function or predicate symbol 'acc'""]","unbound function or predicate symbol 'acc'
"
human_eval_003_10.mlw,"[""unbound function or predicate symbol 'List.fold_left'""]","unbound function or predicate symbol 'List.fold_left'
"
human_eval_159_4.mlw,"[""unbound type symbol 'list'""]","unbound type symbol 'list'
"
human_eval_159_6.mlw,"[""unbound type symbol 'list'""]","unbound type symbol 'list'
"
human_eval_003_4.mlw,[],
human_eval_060_7.mlw,"[""unbound function or predicate symbol 'acc'""]","unbound function or predicate symbol 'acc'
"
human_eval_138_7.mlw,['syntax error'],"syntax error
"
human_eval_053_8.mlw,"[""unbound function or predicate symbol '(-)'""]","unbound function or predicate symbol '(-)'
"
human_eval_005_2.mlw,[],
human_eval_005_3.mlw,[],
human_eval_053_9.mlw,"[""unbound function or predicate symbol '(>)'""]","unbound function or predicate symbol '(>)'
"
human_eval_042_1.mlw,"[""unbound function or predicate symbol '(+)'""]","unbound function or predicate symbol '(+)'
"
human_eval_138_6.mlw,"[""unbound function or predicate symbol '(-)'""]","unbound function or predicate symbol '(-)'
"
human_eval_060_6.mlw,['syntax error'],"syntax error
"
human_eval_003_5.mlw,"[""unbound function or predicate symbol 'ref'""]","unbound function or predicate symbol 'ref'
"
human_eval_159_7.mlw,"[""unbound type symbol 'list'""]","unbound type symbol 'list'
"
human_eval_008_9.mlw,[],
human_eval_020_5.mlw,"[""unbound type symbol 'option'""]","unbound type symbol 'option'
"
human_eval_139_1.mlw,"[""unbound function or predicate symbol '(<=)'""]","unbound function or predicate symbol '(<=)'
"
human_eval_035_9.mlw,['syntax error'],"syntax error
"
human_eval_163_6.mlw,['syntax error'],"syntax error
"
human_eval_163_7.mlw,"['This expression has type list.List.list int,', 'but is expected to have type list.List.list (int, list.List.list int) ->', 'list.List.list (int, list.List.list int)']","This expression has type list.List.list int,
but is expected to have type list.List.list (int, list.List.list int) ->
list.List.list (int, list.List.list int)
"
human_eval_035_8.mlw,['syntax error'],"syntax error
"
human_eval_085_1.mlw,"[""unbound function or predicate symbol 'mod'""]","unbound function or predicate symbol 'mod'
"
human_eval_020_4.mlw,['Logical symbol mem is used in a non-ghost context'],"Logical symbol mem is used in a non-ghost context
"
human_eval_152_10.mlw,['syntax error'],"syntax error
"
human_eval_052_10.mlw,['Module Fold not found in library list'],"Module Fold not found in library list
"
human_eval_008_8.mlw,[],
human_eval_031_10.mlw,['syntax error'],"syntax error
"
human_eval_020_6.mlw,['Logical symbol abs is used in a non-ghost context'],"Logical symbol abs is used in a non-ghost context
"
human_eval_152_8.mlw,['syntax error'],"syntax error
"
human_eval_085_10.mlw,"[""unbound function or predicate symbol 'mod'""]","unbound function or predicate symbol 'mod'
"
human_eval_085_3.mlw,"[""unbound function or predicate symbol 'mod'""]","unbound function or predicate symbol 'mod'
"
human_eval_139_2.mlw,"[""unbound function or predicate symbol '(<=)'""]","unbound function or predicate symbol '(<=)'
"
human_eval_013_9.mlw,"[""unbound function or predicate symbol 'abs'""]","unbound function or predicate symbol 'abs'
"
human_eval_163_5.mlw,"['This expression has type list.List.list (int, list.List.list int) -> list.', 'List.list (int, list.List.list int), but is expected to have type list.List.', ""list 'mu""]","This expression has type list.List.list (int, list.List.list int) -> list.
List.list (int, list.List.list int), but is expected to have type list.List.
list 'mu
"
human_eval_097_10.mlw,"[""unbound function or predicate symbol '(<)'""]","unbound function or predicate symbol '(<)'
"
human_eval_163_4.mlw,"[""This expression has type list.List.list ('mu, 'mu1) -> list.List.list ('mu,"", ""'mu1), but is expected to have type ['mu1]""]","This expression has type list.List.list ('mu, 'mu1) -> list.List.list ('mu,
'mu1), but is expected to have type ['mu1]
"
human_eval_013_8.mlw,"[""unbound function or predicate symbol 'mod'""]","unbound function or predicate symbol 'mod'
"
human_eval_139_3.mlw,"[""unbound function or predicate symbol '(-)'""]","unbound function or predicate symbol '(-)'
"
human_eval_085_2.mlw,"[""unbound function or predicate symbol 'mod'""]","unbound function or predicate symbol 'mod'
"
human_eval_152_9.mlw,['syntax error'],"syntax error
"
human_eval_020_7.mlw,['Logical symbol abs is used in a non-ghost context'],"Logical symbol abs is used in a non-ghost context
"
human_eval_052_8.mlw,['syntax error'],"syntax error
"
human_eval_085_6.mlw,"[""unbound function or predicate symbol 'mod'""]","unbound function or predicate symbol 'mod'
"
human_eval_020_3.mlw,['Logical symbol abs is used in a non-ghost context'],"Logical symbol abs is used in a non-ghost context
"
human_eval_139_7.mlw,"[""unbound function or predicate symbol '(>)'""]","unbound function or predicate symbol '(>)'
"
human_eval_163_1.mlw,"[""This expression has type list.List.list (int, 'mu) -> list.List.list (int,"", ""'mu), but is expected to have type ['mu]""]","This expression has type list.List.list (int, 'mu) -> list.List.list (int,
'mu), but is expected to have type ['mu]
"
human_eval_139_6.mlw,"[""unbound function or predicate symbol '(<=)'""]","unbound function or predicate symbol '(<=)'
"
human_eval_020_2.mlw,['Logical symbol abs is used in a non-ghost context'],"Logical symbol abs is used in a non-ghost context
"
human_eval_085_7.mlw,"[""unbound function or predicate symbol 'mod'""]","unbound function or predicate symbol 'mod'
"
human_eval_052_9.mlw,['Module Combinators not found in library list'],"Module Combinators not found in library list
"
human_eval_031_8.mlw,"[""unbound function or predicate symbol '( * )'""]","unbound function or predicate symbol '( * )'
"
human_eval_085_5.mlw,"[""unbound function or predicate symbol 'mod'""]","unbound function or predicate symbol 'mod'
"
human_eval_009_10.mlw,[],
human_eval_139_4.mlw,"[""unbound function or predicate symbol '( * )'""]","unbound function or predicate symbol '( * )'
"
human_eval_005_10.mlw,[],
human_eval_163_3.mlw,['syntax error'],"syntax error
"
human_eval_163_2.mlw,"[""This expression has type list.List.list (int, 'mu) -> list.List.list (int,"", ""'mu), but is expected to have type list.List.list 'mu1""]","This expression has type list.List.list (int, 'mu) -> list.List.list (int,
'mu), but is expected to have type list.List.list 'mu1
"
human_eval_139_5.mlw,[],
human_eval_020_1.mlw,"[""unbound function or predicate symbol 'max_int'""]","unbound function or predicate symbol 'max_int'
"
human_eval_085_4.mlw,"[""unbound function or predicate symbol 'mod'""]","unbound function or predicate symbol 'mod'
"
human_eval_042_10.mlw,"[""unbound function or predicate symbol '(+)'""]","unbound function or predicate symbol '(+)'
"
human_eval_031_9.mlw,"[""unbound function or predicate symbol '(<=)'""]","unbound function or predicate symbol '(<=)'
"
